Timestamp,What is your current year of study,What is your current relationship status?,How do you prefer studying before exams?,Do you do competitive programming?,Which hostel do you live in?,What is your gender?,What is your favourite sport?,Favourite hangout place in campus,Which state/union territory do you belong to?,What is your dept?,What is your preferred coding language?,What is your favourite place to eat at IIT Guwahati?,Which is your favourite club in IIT Guwahati?,Are you satisfied in IIT Guwahati,What is your current cpi?
2022/08/15 2:57:34 pm GMT+5:30,2nd,In a relationship,Pulling of all nighters :),Yes,,Man,Table tennis ,IIT G lake (in front of library),Haryana,CSE,C++,Rolls Mania/Tacos,Octaves,No,9.86
2022/08/15 2:57:46 pm GMT+5:30,3rd,Single,Studying on a regular basis,No,Manas,Man,Football,IIT G lake (in front of library),Uttar Pradesh,CST,Python,Hostel Canteen,ml.ai,No,1
2022/08/15 2:58:25 pm GMT+5:30,2nd,Single,Studying on a regular basis,No,Disang,Woman,Badminton,IIT G lake (in front of library),West Bengal,ECE,C,Hostel Mess,Robotics,Maybe,9.3
2022/08/15 2:59:33 pm GMT+5:30,2nd,Single,Pulling of all nighters :),No,,Man,Football ,IIT G lake (in front of library),The Government of NCT of Delhi,,Python,Food Court,Coding Club,Maybe,7.5
2022/08/15 3:01:10 pm GMT+5:30,,Single,Studying on a regular basis,No,Lohit,Man,Cricket,IIT G lake (in front of library),Uttar Pradesh,,Java,Hostel Canteen,ml.ai,Yes,8.83
2022/08/15 3:02:53 pm GMT+5:30,2nd,Single,Studying on a regular basis,Yes,Lohit,Man,Cricket,Food Court,Chhattisgarh,ECE,C++,Hostel Canteen,ml.ai,Yes,8.43
2022/08/15 3:03:33 pm GMT+5:30,2nd,In a relationship,Pulling of all nighters :),No,Kapili,Man,Cricket,Hostel Canteen,Rajasthan,CSE,C,Food Court,E cell,Yes,9.26
2022/08/15 3:03:48 pm GMT+5:30,2nd,Single,Studying on a regular basis,Yes,,Man,Cricket ,Hostel Canteen,Uttar Pradesh,CSE,C++,Hostel Canteen,Coding Club,No,8.86
2022/08/15 3:04:20 pm GMT+5:30,2nd,It's complicated,Studying on a regular basis,Yes,Subansiri,Woman,Basketball,IIT G lake (in front of library),Telangana,CSE,Python,Others,Lit Soc,Yes,7.8
2022/08/15 3:04:23 pm GMT+5:30,2nd,In a relationship,Pulling of all nighters :),Yes,Lohit,Man,Chess,Khoka,Assam,EP,Python,Khoka,Consulting and Analytics,Yes,9
2022/08/15 3:05:02 pm GMT+5:30,3rd,It's complicated,Pulling of all nighters :),Yes,,Prefer not to say,Athletic ,IIT G lake (in front of library),Uttar Pradesh,ME,C++,Hostel Canteen,Alcher,No,7.94
2022/08/15 3:05:03 pm GMT+5:30,2nd,Single,Pulling of all nighters :),Yes,Dihing,Man,Football,IIT G lake (in front of library),Gujarat,CSE,C++,Rolls Mania/Tacos,Coding Club,Maybe,8.2
2022/08/15 3:06:34 pm GMT+5:30,2nd,In a relationship,Studying on a regular basis,Yes,Barak,Man,Sex,Serpentine Lake üòè,Uttar Pradesh,EP,C++,Core Canteen,ml.ai,No,9.3
2022/08/15 3:08:24 pm GMT+5:30,3rd,Single,Pulling of all nighters :),No,,Man,Badminton,IIT G lake (in front of library),Jharkhand,CE,,Hostel Mess,Coding Club,Yes,8.41
2022/08/15 3:09:43 pm GMT+5:30,2nd,In a relationship,Studying on a regular basis,Yes,Disang,Woman,Basketball ,IIT G lake (in front of library),Haryana,MnC,C++,Core Canteen,Coding Club,Yes,9.02
2022/08/15 3:10:38 pm GMT+5:30,3rd,In a relationship,Studying on a regular basis,No,Bhramaputra,Man,Swimming,Hostel Canteen,Haryana,CL,C++,Khoka,Montage,No,8.38
2022/08/15 3:11:58 pm GMT+5:30,2nd,,Studying on a regular basis,No,Umiam,Man,Cricket,,The Government of NCT of Delhi,MnC,Python,Others,Consulting and Analytics,Yes,8.3
2022/08/15 3:12:01 pm GMT+5:30,2nd,Single,Pulling of all nighters :),No,Disang,Man,Badminton,New Sac,,ME,C,Hostel Canteen,ml.ai,Yes,7
2022/08/15 3:12:30 pm GMT+5:30,2nd,Single,Studying on a regular basis,No,Lohit,Man,Athletics ,Old Sac,Uttar Pradesh,EEE,C++,Food Court,Montage,No,8.35
2022/08/15 3:14:50 pm GMT+5:30,2nd,Single,Studying on a regular basis,Yes,Lohit,Man,Swimming ,IIT G lake (in front of library),Tamil Nadu,CSE,Python,Food Court,Coding Club,Maybe,9.5
2022/08/15 3:17:35 pm GMT+5:30,,Single,Studying on a regular basis,Yes,Bhramaputra,Man,Football,Serpentine Lake üòè,West Bengal,,C,Hostel Mess,Coding Club,Yes,"1st year Student. So CPI ""0"""
2022/08/15 3:19:11 pm GMT+5:30,4th,Single,Pulling of all nighters :),Yes,Lohit,Man,,Hostel Canteen,Andhra Pradesh,CSE,C++,Khoka,Alcher,Yes,9.1
2022/08/15 3:24:49 pm GMT+5:30,2nd,Single,Pulling of all nighters :),No,Umiam,Man,Volleyball,Hostel Canteen,Karnataka,MnC,Python,Food Court,Consulting and Analytics,Yes,9.29
2022/08/15 3:30:06 pm GMT+5:30,2nd,Single,Pulling of all nighters :),No,Disang,Woman,,Serpentine Lake üòè,Bihar,BSBE,Python,Khoka,Coding Club,Maybe,9.2
2022/08/15 3:33:11 pm GMT+5:30,2nd,Single,Pulling of all nighters :),Yes,Umiam,Man,Badminton ,IIT G lake (in front of library),Maharashtra,EP,C++,Khoka,Coding Club,Maybe,7.64
2022/08/15 3:33:26 pm GMT+5:30,3rd,Single,Pulling of all nighters :),Yes,Manas,Man,Tennis,New Sac,West Bengal,CE,C++,Core Canteen,,Maybe,8.9
2022/08/15 3:35:06 pm GMT+5:30,2nd,Single,Studying on a regular basis,Yes,Dihing,Man,Cricket,IIT G lake (in front of library),Madhya Pradesh,EEE,Python,Hostel Canteen,Coding Club,Yes,7.84
2022/08/15 3:45:20 pm GMT+5:30,2nd,Single,Pulling of all nighters :),No,Dhansiri,Prefer not to say,none,New Sac,Maharashtra,EEE,C++,Hostel Mess,Coding Club,Yes,noooooooooooo
2022/08/15 3:48:50 pm GMT+5:30,2nd,Single,Studying on a regular basis,Yes,Kapili,Man,Football,Hostel Canteen,Assam,CSE,C++,Hostel Mess,ml.ai,Maybe,9.29
2022/08/15 3:53:46 pm GMT+5:30,2nd,Single,Pulling of all nighters :),No,Umiam,Man,NA,Khoka,Maharashtra,,Python,Khoka,,Yes,8.85
2022/08/15 3:58:14 pm GMT+5:30,2nd,Single,Studying on a regular basis,Yes,Disang,Man,hockey,IIT G lake (in front of library),Punjab,BSBE,Python,Rolls Mania/Tacos,Robotics,No,7.9
2022/08/15 3:59:14 pm GMT+5:30,2nd,Single,Studying on a regular basis,Yes,Kameng,Man,Football ,Playgrounds,Maharashtra,EEE,C++,Core Canteen,Coding Club,Yes,7.8
2022/08/15 4:01:23 pm GMT+5:30,2nd,It's complicated,Pulling of all nighters :),No,Dihing,Man,,IIT G lake (in front of library),Uttar Pradesh,CL,Python,Hostel Canteen,Anchoring Club,Yes,8.5
2022/08/15 4:07:48 pm GMT+5:30,2nd,Single,Studying on a regular basis,No,Barak,Man,Athletics,Serpentine Lake üòè,Uttar Pradesh,CSE,C++,Hostel Canteen,ml.ai,Yes,8
2022/08/15 4:09:24 pm GMT+5:30,2nd,In a relationship,Pulling of all nighters :),Yes,Subansiri,Woman,Basketball,Khoka,Odisha,CL,C++,Food Court,Cadence,Yes,8.02
2022/08/15 4:11:24 pm GMT+5:30,3rd,,Studying on a regular basis,Yes,Disang,,Nothing,Food Court,Bihar,ME,C++,Food Court,Coding Club,Yes,7.85
2022/08/15 4:14:01 pm GMT+5:30,2nd,Single,Pulling of all nighters :),Yes,Siang,Man,Chess,Playgrounds,Maharashtra,ME,C++,Hostel Mess,Coding Club,Yes,9
2022/08/15 4:38:57 pm GMT+5:30,3rd,Single,Pulling of all nighters :),No,Disang,Man,Chess,New Sac,Maharashtra,EEE,C,Hostel Canteen,,Yes,7.84
2022/08/15 4:49:46 pm GMT+5:30,3rd,Single,Pulling of all nighters :),No,Disang,Man,Basketball ,New Sac,Andhra Pradesh,MnC,Python,Hostel Canteen,Coding Club,Yes,7.92
2022/08/15 4:52:06 pm GMT+5:30,2nd,Single,Pulling of all nighters :),Yes,Kapili,Man,Football,Hostel Canteen,Madhya Pradesh,CSE,C++,Food Court,Coding Club,Yes,9.32
2022/08/15 5:11:44 pm GMT+5:30,2nd,Single,Pulling of all nighters :),No,Bhramaputra,Man,Table tennis ,Hostel Canteen,Bihar,ME,C++,Khoka,Coding Club,Maybe,6.6
2022/08/15 5:12:09 pm GMT+5:30,3rd,Single,Studying on a regular basis,No,Siang,Man,,Hostel Canteen,West Bengal,CL,Others,Nonveg stalls near library,Equinox,Maybe,8.5
2022/08/15 5:21:34 pm GMT+5:30,2nd,Single,Pulling of all nighters :),Yes,Siang,Man,,,,,Python,,,No,6
2022/08/15 5:22:28 pm GMT+5:30,2nd,Single,Studying on a regular basis,No,Umiam,Man,Badminton,IIT G lake (in front of library),Telangana,CSE,C++,Food Court,Lit Soc,No,9.48
2022/08/15 5:23:12 pm GMT+5:30,2nd,It's complicated,Pulling of all nighters :),No,Disang,Woman,"to watch is cricket and basketball, to play is volleyball",IIT G lake (in front of library),Andhra Pradesh,CSE,C,Others,,Maybe,I prefer not to say
2022/08/15 5:24:34 pm GMT+5:30,3rd,Single,Studying on a regular basis,No,Bhramaputra,Man,Badminton ,Playgrounds,Maharashtra,CSE,,,,,8.63
2022/08/15 5:26:58 pm GMT+5:30,3rd,Single,Studying on a regular basis,Yes,Kameng,Man,Volleyball ,Khoka,Andhra Pradesh,CSE,C++,Hostel Canteen,Coding Club,Yes,8.36
2022/08/15 5:27:35 pm GMT+5:30,2nd,Single,Studying on a regular basis,Yes,Siang,Man,Archery,Food Court,Andhra Pradesh,CSE,C++,Rolls Mania/Tacos,Equinox,Yes,8.35
2022/08/15 5:28:15 pm GMT+5:30,2nd,In a relationship,Pulling of all nighters :),Yes,Disang,Woman,,Lake in front of the hospital,Rajasthan,EEE,,Khoka,,Maybe,7.91
2022/08/15 5:29:40 pm GMT+5:30,3rd,Single,Studying on a regular basis,No,Disang,Man,Cricket ,Playgrounds,Uttar Pradesh,ME,Python,Food Court,IITG Racing,Yes,7.48
2022/08/15 5:32:39 pm GMT+5:30,2nd,Single,Pulling of all nighters :),Yes,Lohit,Man,Cricket ,Playgrounds,Uttar Pradesh,CSE,C++,Food Court,Robotics,Yes,7.52
2022/08/15 5:38:15 pm GMT+5:30,2nd,Single,Pulling of all nighters :),Yes,Dhansiri,Woman,Table tennis,IIT G lake (in front of library),Telangana,CSE,C++,Food Court,Coding Club,Maybe,7.88
2022/08/15 5:39:53 pm GMT+5:30,,It's complicated,Pulling of all nighters :),Yes,Bhramaputra,Man,WWE ,Playgrounds,Bihar,CSE,C++,Khoka,Coding Club,Yes,8.22
2022/08/15 5:40:43 pm GMT+5:30,2nd,It's complicated,Pulling of all nighters :),No,Kapili,Man,Badminton,Playgrounds,Rajasthan,CSE,C,Hostel Canteen,Finance and Economics,Yes,7.96
2022/08/15 5:40:55 pm GMT+5:30,3rd,Single,Pulling of all nighters :),No,Bhramaputra,Man,Badminton ,Khoka,Rajasthan,EP,C++,Khoka,Coding Club,Yes,6.77
2022/08/15 5:42:56 pm GMT+5:30,3rd,Single,Pulling of all nighters :),Yes,Bhramaputra,Man,,New Sac,Maharashtra,,C++,,Coding Club,Maybe,Between 8 and 9
2022/08/15 5:43:49 pm GMT+5:30,2nd,Single,Studying on a regular basis,Yes,,Man,,,,,C++,,,Yes,9.71
2022/08/15 5:45:12 pm GMT+5:30,2nd,Single,Pulling of all nighters :),Yes,Kameng,Man,,,Bihar,CST,C++,Khoka,Aeromodelling,No,6.9
2022/08/15 5:46:23 pm GMT+5:30,2nd,In a relationship,Pulling of all nighters :),Yes,Lohit,Man,Dodgeball,IIT G lake (in front of library),Haryana,CSE,C++,Food Court,Xpressions,Maybe,9.5
2022/08/15 5:50:54 pm GMT+5:30,2nd,Single,Pulling of all nighters :),Yes,Bhramaputra,Man,Bro?,New Sac,Rajasthan,,C++,Khoka,ml.ai,Maybe,Bruh
2022/08/15 5:53:07 pm GMT+5:30,2nd,Single,Studying on a regular basis,Yes,Umiam,Man,Cricket,Hostel Canteen,Andhra Pradesh,ECE,C++,Core Canteen,Aeromodelling,Yes,8.8
2022/08/15 5:53:54 pm GMT+5:30,3rd,In a relationship,Studying on a regular basis,No,Disang,Prefer not to say,Badminton ,New Sac,Maharashtra,CE,,Hostel Canteen,Coding Club,Yes,8.12
2022/08/15 5:55:19 pm GMT+5:30,2nd,Single,Studying on a regular basis,No,Siang,Man,table tennis,Food Court,Maharashtra,MnC,C++,Rolls Mania/Tacos,Finance and Economics,Yes,8.88
2022/08/15 6:04:37 pm GMT+5:30,2nd,Single,Studying on a regular basis,Yes,Barak,Man,Badminton ,New Sac,Andhra Pradesh,CST,C,Rolls Mania/Tacos,E cell,Yes,7.7
2022/08/15 6:11:16 pm GMT+5:30,3rd,Single,Pulling of all nighters :),Yes,Disang,Man,Cricket,IIT G lake (in front of library),Uttar Pradesh,CSE,C++,Rolls Mania/Tacos,Coding Club,Yes,9.2
2022/08/15 6:13:34 pm GMT+5:30,2nd,In a relationship,Pulling of all nighters :),Yes,Lohit,Man,Handball,Market Complex,Gujarat,CSE,C++,Food Court,E cell,Yes,üòÇüòÇüòÇüòÇ
2022/08/15 6:17:20 pm GMT+5:30,4th,It's complicated,Studying on a regular basis,No,Kameng,Non-binary,Barricade riding,Playgrounds,Andaman and Nicobar Islands,HSS,Python,Hostel Mess,Palates,No,4.07
2022/08/15 6:23:50 pm GMT+5:30,2nd,It's complicated,Studying on a regular basis,Yes,Bhramaputra,Man,Badminton,Playgrounds,Himachal Pradesh,CSE,Python,Rolls Mania/Tacos,Coding Club,Maybe,9.79
2022/08/15 6:25:28 pm GMT+5:30,2nd,In a relationship,Pulling of all nighters :),Yes,Bhramaputra,Man,GYMMING ,IIT G lake (in front of library),Uttar Pradesh,ME,Python,Rolls Mania/Tacos,ml.ai,Yes,7.9
2022/08/15 6:32:32 pm GMT+5:30,3rd,Single,Studying on a regular basis,No,Bhramaputra,Man,LT,Khoka,Maharashtra,BSBE,Python,Khoka,E cell,Yes,7.8
2022/08/15 6:36:26 pm GMT+5:30,2nd,Single,Pulling of all nighters :),Yes,Umiam,Man,,Lake in front of the hospital,The Government of NCT of Delhi,EP,Python,Khoka,,Maybe,6.9
2022/08/15 6:36:30 pm GMT+5:30,2nd,Single,Pulling of all nighters :),Yes,Dhansiri,Woman,Badminton ,IIT G lake (in front of library),Uttar Pradesh,Dsai,C,Food Court,Xpressions,Maybe,7.9
2022/08/15 6:37:13 pm GMT+5:30,2nd,Single,Studying on a regular basis,Yes,Disang,Woman,Figure Skating ,Hostel Canteen,The Government of NCT of Delhi,BSBE,Python,Rolls Mania/Tacos,iitg.ai,Maybe,8.73
2022/08/15 6:49:23 pm GMT+5:30,2nd,Single,Studying on a regular basis,Yes,Disang,Woman,Badminton,IIT G lake (in front of library),Maharashtra,CSE,C++,Food Court,E cell,Yes,8.44
2022/08/15 6:51:44 pm GMT+5:30,2nd,Single,Pulling of all nighters :),No,Bhramaputra,Man,Cricket,Serpentine Lake üòè,West Bengal,CST,Others,Food Court,Coding Club,Maybe,6.8
2022/08/15 7:01:26 pm GMT+5:30,2nd,Single,Pulling of all nighters :),Yes,Brahmaputra,Man,Cricket,New Sac,West Bengal,Dsai,C++,Others,Coding Club,Yes,8.97
2022/08/15 7:06:44 pm GMT+5:30,2nd,Single,Pulling of all nighters :),Yes,Kapili,Man,Cricket ,Others,Rajasthan,CSE,C++,Food Court,Coding Club,Maybe,8.3
2022/08/15 7:09:08 pm GMT+5:30,2nd,Single,Studying on a regular basis,Yes,Siang,Man,Table Tennis,Others,The Government of NCT of Delhi,CSE,C++,Hostel Mess,Coding Club,No,9.48
2022/08/15 7:12:54 pm GMT+5:30,2nd,Single,Studying on a regular basis,Yes,Lohit,Man,Badminton ,Playgrounds,Uttar Pradesh,,C++,Hostel Canteen,Aeromodelling,No,7.9
2022/08/15 7:27:00 pm GMT+5:30,3rd,Single,Pulling of all nighters :),Yes,Siang,Man,Cricket,Hostel Canteen,Uttar Pradesh,BSBE,C++,Food Court,Coding Club,Yes,8.01
2022/08/15 7:29:09 pm GMT+5:30,2nd,Single,Studying on a regular basis,Yes,Umiam,Man,Cricket,IIT G lake (in front of library),Maharashtra,ECE,C++,Food Court,IITG Racing,No,8.77
2022/08/15 7:29:47 pm GMT+5:30,2nd,It's complicated,Pulling of all nighters :),Yes,Lohit,Man,Football,New Sac,Madhya Pradesh,CSE,C++,Nonveg stalls near library,Coding Club,Maybe,9.71
2022/08/15 7:40:49 pm GMT+5:30,2nd,It's complicated,Studying on a regular basis,Yes,Barak,Man,chess,IIT G lake (in front of library),Madhya Pradesh,EEE,C++,Rolls Mania/Tacos,Finance and Economics,Maybe,8.02
2022/08/15 7:48:25 pm GMT+5:30,2nd,Single,Studying on a regular basis,Yes,Barak,Man,Badminton,Others,Rajasthan,ECE,C++,Food Court,Robotics,Yes,8.38
2022/08/15 7:59:03 pm GMT+5:30,,Single,Pulling of all nighters :),Yes,Kameng,,,,Bihar,CST,C++,Khoka,Aeromodelling,No,6.9
2022/08/15 8:01:46 pm GMT+5:30,2nd,Single,Studying on a regular basis,No,Lohit,Man,Badminton ,Hostel Canteen,Uttar Pradesh,CSE,C,Hostel Mess,,Maybe,8.23
2022/08/15 8:03:28 pm GMT+5:30,2nd,It's complicated,Studying on a regular basis,No,Lohit,Man,,Others,Rajasthan,ECE,C++,Food Court,Coding Club,Maybe,7.8
2022/08/15 8:11:57 pm GMT+5:30,2nd,Single,Pulling of all nighters :),No,Lohit,Man,Chess,Food Court,Bihar,ECE,C++,Rolls Mania/Tacos,Alcher,Maybe,8.22
2022/08/15 8:17:52 pm GMT+5:30,2nd,In a relationship,Pulling of all nighters :),No,Lohit,Man,Tennis,Khoka,Jharkhand,ECE,C++,Rolls Mania/Tacos,Consulting and Analytics,Maybe,8.27
2022/08/15 8:32:17 pm GMT+5:30,1st,It's complicated,Studying on a regular basis,No,Dibang,Prefer not to say,,,Andaman and Nicobar Islands,,,Nonveg stalls near library,Equinox,Maybe,9.9
2022/08/15 8:32:30 pm GMT+5:30,2nd,Single,Studying on a regular basis,No,,Man,None,,,ECE,C++,Core Canteen,Coding Club,Yes,8.52
2022/08/15 8:45:34 pm GMT+5:30,2nd,Single,Studying on a regular basis,No,Dhansiri,Woman,CRICKET,New Sac,Kerala,ME,Python,Core Canteen,iitg.ai,Yes,5.58
2022/08/15 9:18:14 pm GMT+5:30,2nd,Single,Pulling of all nighters :),Yes,Disang,Woman,Table tennis,New Sac,West Bengal,ME,C++,Khoka,Game dev and E-sports,Yes,7.9
2022/08/15 9:23:35 pm GMT+5:30,2nd,In a relationship,Pulling of all nighters :),Yes,Dhansiri,Woman,,IIT G lake (in front of library),Uttar Pradesh,EEE,Java,Food Court,E cell,Yes,8.33
2022/08/15 9:23:36 pm GMT+5:30,2nd,Single,Pulling of all nighters :),Yes,Lohit,Man,Basketball,Others,Rajasthan,ECE,C++,Food Court,E cell,Maybe,8+
2022/08/15 9:30:51 pm GMT+5:30,2nd,Single,Studying on a regular basis,No,Brahmaputra,Man,Cricket ,Khoka,Jharkhand,CL,C++,Khoka,E cell,Yes,7.47
2022/08/15 9:48:21 pm GMT+5:30,2nd,Single,Pulling of all nighters :),Yes,Umiam,Man,Badminton,Khoka,Bihar,Dsai,C++,Khoka,Coding Club,Yes,9.03
2022/08/15 10:03:42 pm GMT+5:30,3rd,Single,Pulling of all nighters :),No,Brahmaputra,Man,Tennis ,New Sac,Maharashtra,ECE,Java,Khoka,Coding Club,Yes,8.65
2022/08/15 10:05:15 pm GMT+5:30,2nd,In a relationship,Pulling of all nighters :),Yes,Brahmaputra,Man,,Khoka,Uttar Pradesh,Dsai,C++,Khoka,Coding Club,Maybe,9.41
2022/08/15 10:08:48 pm GMT+5:30,2nd,Single,Studying on a regular basis,No,Lohit,Man,Badminton ,New Sac,Uttar Pradesh,EEE,C++,Hostel Mess,Cadence,Yes,8.5
2022/08/15 10:16:21 pm GMT+5:30,4th,Single,Studying on a regular basis,No,Barak,Man,Cricket,Khoka,Bihar,EEE,Python,Khoka,iitg.ai,Yes,8
2022/08/15 10:40:41 pm GMT+5:30,2nd,It's complicated,Pulling of all nighters :),Yes,Umiam,Man,Swimming ,Playgrounds,Maharashtra,ME,C++,Hostel Mess,Consulting and Analytics,Maybe,1107.87
2022/08/15 10:45:58 pm GMT+5:30,2nd,Single,Pulling of all nighters :),Yes,Lohit,Man,Swimming,IIT G lake (in front of library),Maharashtra,ECE,C++,Hostel Canteen,Coding Club,Yes,8.51
2022/08/15 10:48:41 pm GMT+5:30,2nd,In a relationship,Studying on a regular basis,Yes,Brahmaputra,Man,Table Tennis,Serpentine Lake üòè,Maharashtra,ECE,C++,Food Court,Coding Club,Yes,8.51
2022/08/15 10:50:32 pm GMT+5:30,2nd,Single,Studying on a regular basis,Yes,Lohit,Man,,Hostel Canteen,Goa,CST,C++,Nonveg stalls near library,Finance and Economics,Yes,8.65
2022/08/15 11:04:27 pm GMT+5:30,2nd,Single,Pulling of all nighters :),Yes,Manas,Man,Cricket ,Hostel Canteen,Madhya Pradesh,CSE,C++,Food Court,Coding Club,Yes,6.7
2022/08/16 1:10:54 am GMT+5:30,2nd,Single,Pulling of all nighters :),No,Dhansiri,Woman,Badminton ,New Sac,Rajasthan,ECE,Python,Food Court,E cell,Maybe,8.31
2022/08/16 1:11:51 am GMT+5:30,2nd,In a relationship,Studying on a regular basis,Yes,Barak,Man,Cricket,Lake in front of the hospital,Chhattisgarh,CSE,C++,Food Court,E cell,Yes,9.6
2022/08/16 1:12:01 am GMT+5:30,2nd,In a relationship,Studying on a regular basis,No,Barak,Woman,basketball ,Lake in front of the hospital,Madhya Pradesh,ECE,C++,Food Court,Palates,No,7.97
2022/08/16 2:52:02 am GMT+5:30,1st,Single,Pulling of all nighters :),No,Disang,Woman,Badminton ,IIT G lake (in front of library),Uttar Pradesh,MnC,C++,Others,Cadence,Yes,-
2022/08/16 3:01:15 am GMT+5:30,2nd,Single,Pulling of all nighters :),No,Manas,Man,Volleyball ,New Sac,Maharashtra,ECE,Python,Hostel Mess,Xpressions,Yes,6.8
2022/08/16 6:56:07 am GMT+5:30,1st,In a relationship,Studying on a regular basis,No,Manas,Man,Cricket,IIT G lake (in front of library),Madhya Pradesh,ME,Python,Hostel Canteen,Finance and Economics,Yes,7.9
2022/08/16 7:40:50 am GMT+5:30,2nd,Single,Studying on a regular basis,Yes,Manas,Man,Athletics,Playgrounds,Haryana,CSE,C++,Hostel Canteen,Finance and Economics,Maybe,8.44
2022/08/16 8:25:28 am GMT+5:30,2nd,Single,Pulling of all nighters :),No,Manas,Man,Cricket,New Sac,Telangana,CSE,C++,None,Acumen(Quiz Club),Maybe,6.9
2022/08/16 8:50:08 am GMT+5:30,2nd,Single,Pulling of all nighters :),Yes,Manas,Man,,IIT G lake (in front of library),Rajasthan,ECE,C++,None,Coding Club,Maybe,8.59
2022/08/16 9:39:34 am GMT+5:30,2nd,Single,Pulling of all nighters :),Yes,Disang,Man,Basketball,IIT G lake (in front of library),Haryana,CL,C++,None,Alcher,Yes,7.56
2022/08/16 9:42:42 am GMT+5:30,1st,Single,Studying on a regular basis,No,Lohit,Man,Cricket,IIT G lake (in front of library),West Bengal,CSE,C++,Food Court,Coding Club,Yes,Currently in 1st sem
2022/08/16 10:11:32 am GMT+5:30,4th,In a relationship,Studying on a regular basis,No,Siang,Man,Cricket,Playgrounds,Andhra Pradesh,ECE,C++,Hostel Canteen,Electronics Club,Yes,7
2022/08/16 10:29:57 am GMT+5:30,2nd,Single,Studying on a regular basis,No,Barak,Man,Badminton,Food Court,Bihar,CST,C++,Food Court,Xpressions,Maybe,7.2
2022/08/16 10:32:00 am GMT+5:30,2nd,Single,Studying on a regular basis,No,Umiam,Man,"Cricket,badminton",IIT G lake (in front of library),Gujarat,EEE,Python,Hostel Mess,Coding Club,Yes,8
2022/08/16 10:41:56 am GMT+5:30,1st,Single,Studying on a regular basis,No,Barak,Man,Running,Others,,ME,,Hostel Mess,Robotics,Yes,na
2022/08/16 11:14:02 am GMT+5:30,3rd,Single,Studying on a regular basis,Yes,Barak,Man,,Lake in front of the hospital,Rajasthan,CSE,Python,Hostel Mess,iitg.ai,Yes,8.31
2022/08/16 11:36:01 am GMT+5:30,2nd,Single,Pulling of all nighters :),Yes,Brahmaputra,Man,TT,Others,Madhya Pradesh,MnC,C++,Hostel Canteen,Consulting and Analytics,Maybe,8.74
2022/08/16 11:41:16 am GMT+5:30,2nd,Single,Studying on a regular basis,No,Kapili,Man,Kabaddi,New Sac,Chhattisgarh,CE,Java,Rolls Mania/Tacos,Xpressions,Yes,7.3
2022/08/16 11:45:38 am GMT+5:30,2nd,Single,Pulling of all nighters :),No,Lohit,Man,,New Sac,The Government of NCT of Delhi,CE,C++,Food Court,E cell,Maybe,8.07
2022/08/16 11:56:43 am GMT+5:30,2nd,It's complicated,Pulling of all nighters :),Yes,Subansiri,Non-binary,People Gazing,Serpentine Lake üòè,Haryana,CE,C++,None,Consulting and Analytics,Maybe,69
2022/08/16 11:57:47 am GMT+5:30,2nd,Single,Studying on a regular basis,Yes,Brahmaputra,Man,Football,Playgrounds,Karnataka,MnC,C++,Food Court,Coding Club,Yes,8.1
2022/08/16 11:57:51 am GMT+5:30,2nd,Single,Pulling of all nighters :),Yes,Dhansiri,Woman,Badminton,IIT G lake (in front of library),West Bengal,ECE,C,Rolls Mania/Tacos,Equinox,Maybe,8.15
2022/08/16 12:20:43 pm GMT+5:30,2nd,Single,Pulling of all nighters :),Yes,Disang,Man,Badminton ,Food Court,Rajasthan,BSBE,C++,Rolls Mania/Tacos,Coding Club,Yes,6
2022/08/16 12:31:51 pm GMT+5:30,2nd,Single,Pulling of all nighters :),No,Manas,Man,TT,Old Sac,West Bengal,CE,Python,Hostel Mess,Consulting and Analytics,Yes,7.7
2022/08/16 12:36:06 pm GMT+5:30,1st,Single,Studying on a regular basis,No,Manas,Man,Football,IIT G lake (in front of library),The Government of NCT of Delhi,ME,Python,Food Court,IITG Racing,Maybe,7
2022/08/16 12:52:14 pm GMT+5:30,2nd,Single,Studying on a regular basis,No,Lohit,Man,Table Tennis ,New Sac,Telangana,ECE,C,Khoka,Cadence,Maybe,9.07
2022/08/16 12:52:26 pm GMT+5:30,3rd,It's complicated,Pulling of all nighters :),No,Dhansiri,Prefer not to say,Bike riding,Serpentine Lake üòè,Arunachal Pradesh,CSE,Java,Hostel Mess,Prakriti,No,10
2022/08/16 12:55:11 pm GMT+5:30,3rd,Single,Studying on a regular basis,Yes,Disang,Woman,Football,Playgrounds,Telangana,CSE,C++,Rolls Mania/Tacos,Acumen(Quiz Club),Maybe,8.28
2022/08/16 1:07:34 pm GMT+5:30,2nd,Single,Studying on a regular basis,Yes,Disang,Man,Cricket,Serpentine Lake üòè,Uttar Pradesh,CST,C++,Rolls Mania/Tacos,Octaves,Yes,7
2022/08/16 1:56:44 pm GMT+5:30,3rd,Single,Studying on a regular basis,Yes,Kapili,Man,"Cricket, Football, Swimming, Tennis.",Serpentine Lake üòè,Assam,CL,C,Khoka,Prakriti,Yes,7.4
2022/08/16 2:10:28 pm GMT+5:30,2nd,In a relationship,Pulling of all nighters :),Yes,Brahmaputra,Man,Swimming ,Lake in front of the hospital,Maharashtra,ME,C++,Hostel Canteen,iitg.ai,Maybe,7.8
2022/08/16 4:38:34 pm GMT+5:30,1st,Single,Studying on a regular basis,No,Brahmaputra,Man,Chess,Market Complex,Bihar,CSE,Java,Hostel Mess,Coding Club,Yes,NA
2022/08/16 4:49:00 pm GMT+5:30,2nd,Single,Studying on a regular basis,No,Disang,Woman,cricket,Playgrounds,Uttar Pradesh,ME,C++,Hostel Canteen,Coding Club,No,7
2022/08/16 6:02:06 pm GMT+5:30,4th,In a relationship,Studying on a regular basis,Yes,Subansiri,Non-binary,Coding,Lake in front of the hospital,Puducherry,BSBE,C++,Rolls Mania/Tacos,Palates,No,11
2022/08/16 7:35:10 pm GMT+5:30,1st,Single,Pulling of all nighters :),No,Siang,Man,Swimming,Serpentine Lake üòè,Assam,CSE,C,Food Court,Coding Club,Yes,9
2022/08/16 7:51:38 pm GMT+5:30,2nd,In a relationship,Pulling of all nighters :),No,Lohit,Man,Football,Lake in front of the hospital,Jharkhand,ECE,C++,Rolls Mania/Tacos,Octaves,Yes,7.7
2022/08/16 8:25:57 pm GMT+5:30,2nd,In a relationship,Pulling of all nighters :),Yes,Barak,Man,,Playgrounds,Maharashtra,CSE,C++,Others,Finance and Economics,Yes,7
2022/08/16 9:38:00 pm GMT+5:30,2nd,Single,Pulling of all nighters :),No,Brahmaputra,Man,badminton,Others,The Government of NCT of Delhi,MnC,Python,Hostel Canteen,iitg.ai,No,8.6
2022/08/17 12:15:23 am GMT+5:30,2nd,It's complicated,Studying on a regular basis,No,Disang,Man,Table Tennis ,Lake in front of the hospital,Maharashtra,Dsai,C,Khoka,E cell,Maybe,8.98
2022/08/17 12:18:07 am GMT+5:30,2nd,In a relationship,Studying on a regular basis,Yes,Dihing,Man,Swimming,IIT G lake (in front of library),Punjab,CSE,C++,Food Court,Anchoring Club,Yes,9.14
2022/08/17 12:19:09 am GMT+5:30,2nd,It's complicated,Pulling of all nighters :),Yes,Kameng,Man,Badminton ,Serpentine Lake üòè,Tamil Nadu,CSE,C,Nonveg stalls near library,Montage,Maybe,9.2
2022/08/17 12:19:38 am GMT+5:30,2nd,Single,Pulling of all nighters :),Yes,Brahmaputra,Man,Basketball ,New Sac,Telangana,Dsai,C++,Rolls Mania/Tacos,Coding Club,Maybe,7.98
2022/08/17 12:24:16 am GMT+5:30,4th,Single,Pulling of all nighters :),No,Kapili,Man,tt,Others,Gujarat,CSE,C++,Rolls Mania/Tacos,Coding Club,No,8.37
2022/08/17 12:29:37 am GMT+5:30,2nd,Single,Studying on a regular basis,Yes,Disang,Man,Football ,New Sac,Bihar,BSBE,C++,Khoka,Coding Club,Maybe,7.5
2022/08/17 12:30:29 am GMT+5:30,2nd,Single,Pulling of all nighters :),Yes,Lohit,Man,Cricket,Hostel Canteen,Punjab,CSE,C++,Rolls Mania/Tacos,Coding Club,Yes,8.76
2022/08/17 12:32:03 am GMT+5:30,2nd,Single,Pulling of all nighters :),No,Disang,Woman,swimming,Others,Haryana,BSBE,C++,Hostel Canteen,Coding Club,Maybe,8
2022/08/17 12:34:17 am GMT+5:30,2nd,Single,Pulling of all nighters :),No,Disang,Man,Cricket,Khoka,Uttar Pradesh,CST,C++,Food Court,Coding Club,Yes,7.9
2022/08/17 12:35:18 am GMT+5:30,2nd,Single,Studying on a regular basis,Yes,Lohit,Man,Table tennis ,IIT G lake (in front of library),Rajasthan,CSE,C,Food Court,Coding Club,Yes,7.035
2022/08/17 12:35:26 am GMT+5:30,4th,Single,Studying on a regular basis,Yes,Barak,Man,Basketball,Playgrounds,Tamil Nadu,BSBE,Python,Rolls Mania/Tacos,Coding Club,Yes,7
2022/08/17 12:35:29 am GMT+5:30,2nd,Single,Studying on a regular basis,Yes,Lohit,Man,Cricket ,Playgrounds,Uttarakhand,CSE,C++,Food Court,Coding Club,Yes,7+ü§£
2022/08/17 12:37:41 am GMT+5:30,2nd,Single,Pulling of all nighters :),Yes,Manas,Man,Cricket ,Others,Madhya Pradesh,CSE,C++,Hostel Mess,Montage,Yes,7.3
2022/08/17 12:38:32 am GMT+5:30,2nd,It's complicated,Pulling of all nighters :),No,Dhansiri,Woman,No sport lol,Khoka,Haryana,EEE,Others,Khoka,Whitespace,No,7
2022/08/17 12:39:19 am GMT+5:30,2nd,In a relationship,Pulling of all nighters :),No,Barak,Man,Badminton lol,Hostel Canteen,,CST,Python,Nonveg stalls near library,Aeromodelling,Yes,7.8
2022/08/17 12:41:03 am GMT+5:30,2nd,Single,Pulling of all nighters :),No,Disang,Man,Chess,IIT G lake (in front of library),Assam,BSBE,C++,Food Court,Robotics,Yes,7.01
2022/08/17 12:43:24 am GMT+5:30,2nd,Single,Pulling of all nighters :),No,Subansiri,Woman,Swimming and badminton,Others,Madhya Pradesh,CSE,C++,Rolls Mania/Tacos,IITG Racing,Yes,8.5
2022/08/17 12:43:56 am GMT+5:30,2nd,In a relationship,Studying on a regular basis,Yes,Umiam,Man,futbol,IIT G lake (in front of library),Karnataka,EP,Python,Core Canteen,Equinox,Maybe,0
2022/08/17 1:04:31 am GMT+5:30,2nd,Single,Studying on a regular basis,Yes,Barak,Man,,Others,Tripura,ECE,C++,Food Court,Robotics,Yes,8.38
2022/08/17 1:05:08 am GMT+5:30,2nd,In a relationship,Pulling of all nighters :),Yes,Barak,Man,Chess,IIT G lake (in front of library),Punjab,ECE,C++,Food Court,Coding Club,No,8.49
2022/08/17 1:08:12 am GMT+5:30,2nd,In a relationship,Pulling of all nighters :),No,Disang,Woman,,New Sac,Uttar Pradesh,EEE,C++,Rolls Mania/Tacos,Cadence,Maybe,8.34
2022/08/17 1:08:41 am GMT+5:30,2nd,Single,Studying on a regular basis,Yes,Kameng,Man,,New Sac,Telangana,EEE,C++,Food Court,iitg.ai,Yes,7.6
2022/08/17 1:15:29 am GMT+5:30,2nd,Single,Pulling of all nighters :),No,Brahmaputra,Man,Badminton ,,Gujarat,EEE,C++,Hostel Canteen,Coding Club,Yes,6.9
2022/08/17 1:22:07 am GMT+5:30,2nd,In a relationship,Pulling of all nighters :),No,Umiam,Man,Basketball,Others,Gujarat,CSE,Python,Hostel Mess,Game dev and E-sports,Maybe,8.38
2022/08/17 1:39:04 am GMT+5:30,2nd,Single,Pulling of all nighters :),Yes,Dihing,Man,Table tennis,Khoka,Bihar,ECE,C++,Khoka,Coding Club,Yes,8.8
2022/08/17 6:38:50 am GMT+5:30,2nd,It's complicated,Pulling of all nighters :),Yes,Umiam,Man,Volleyball ,New Sac,Tamil Nadu,ECE,Python,Food Court,Coding Club,Yes,8.77
2022/08/17 8:07:59 am GMT+5:30,2nd,In a relationship,Pulling of all nighters :),No,Kapili,Man,Basketball,New Sac,Tamil Nadu,ECE,Python,Rolls Mania/Tacos,Game dev and E-sports,Yes,8.73
2022/08/17 8:19:04 am GMT+5:30,2nd,Single,Studying on a regular basis,No,Dhansiri,Woman,Volleyball ,Hostel Canteen,Uttarakhand,EEE,C,Hostel Canteen,Fine Arts club,Yes,6.8
2022/08/17 8:31:13 am GMT+5:30,2nd,Single,Studying on a regular basis,Yes,Barak,Man,"Cricket,volleyball",Serpentine Lake üòè,Uttar Pradesh,BSBE,C,Others,Coding Club,Yes,6.7
2022/08/17 9:12:47 am GMT+5:30,2nd,Single,Pulling of all nighters :),No,Umiam,Man,,,Gujarat,ECE,C,Food Court,,Yes,8.6
2022/08/17 1:50:44 pm GMT+5:30,2nd,Single,Studying on a regular basis,Yes,Disang,Man,Basketball,Hostel Canteen,Madhya Pradesh,EEE,C++,Food Court,Coding Club,Yes,7.5
2022/08/17 1:51:44 pm GMT+5:30,2nd,Single,Pulling of all nighters :),Yes,Disang,Man,,Food Court,Punjab,BSBE,C++,Rolls Mania/Tacos,Finance and Economics,Yes,7.5
2022/08/17 2:08:12 pm GMT+5:30,2nd,Single,Pulling of all nighters :),Yes,Disang,Man,Chess,Others,,CST,C,Khoka,Coding Club,Maybe,7
2022/08/17 11:28:28 pm GMT+5:30,2nd,In a relationship,Pulling of all nighters :),Yes,Disang,Woman,Swimming ,Khoka,Chandigarh,CL,C++,Khoka,4i labs,Maybe,7.4
2022/08/19 4:27:15 am GMT+5:30,2nd,In a relationship,Pulling of all nighters :),Yes,Disang,Woman,Swimming,IIT G lake (in front of library),West Bengal,EEE,C++,Rolls Mania/Tacos,Xpressions,Maybe,8.05
2022/08/19 4:29:21 am GMT+5:30,2nd,In a relationship,Pulling of all nighters :),No,Disang,Man,Cricket ,Khoka,Madhya Pradesh,EEE,C++,Khoka,Xpressions,Yes,7.8
2022/08/19 12:31:37 pm GMT+5:30,2nd,Single,Pulling of all nighters :),Yes,Kapili,Man,Cricket,,Maharashtra,CSE,C++,Hostel Canteen,Coding Club,Maybe,8.3
2022/08/19 8:44:46 pm GMT+5:30,2nd,In a relationship,Pulling of all nighters :),No,Dhansiri,,,New Sac,Bihar,Dsai,C++,Khoka,,Maybe,8.3
2022/08/19 9:09:56 pm GMT+5:30,2nd,It's complicated,Pulling of all nighters :),Yes,Brahmaputra,Man,Bat-Ball,Hostel Canteen,Daman & Diu,Dsai,Java,Hostel Mess,Finance and Economics,,4.74
2022/08/19 10:15:32 pm GMT+5:30,2nd,Single,Pulling of all nighters :),Yes,Brahmaputra,Man,basketball ,Khoka,Bihar,CSE,C++,None,Coding Club,Yes,9.52
2022/08/19 10:16:47 pm GMT+5:30,2nd,In a relationship,Pulling of all nighters :),Yes,Brahmaputra,Man,Swimming,New Sac,Uttar Pradesh,MnC,C++,Food Court,Xpressions,Yes,9.45
2022/08/19 10:17:28 pm GMT+5:30,2nd,Single,Studying on a regular basis,Yes,Umiam,Man,Gymnastics ,Others,Uttarakhand,ECE,C++,Hostel Mess,Coding Club,Yes,8.5
2022/08/19 10:18:04 pm GMT+5:30,3rd,Single,Pulling of all nighters :),Yes,Disang,Woman,Table tennis,Hostel Canteen,Karnataka,ECE,C++,Rolls Mania/Tacos,Coding Club,Yes,9.46
2022/08/19 10:18:32 pm GMT+5:30,4th,Single,Studying on a regular basis,Yes,Dihing,Man,Badminton,Khoka,Bihar,CST,C++,Others,,Maybe,11.97
2022/08/19 10:19:56 pm GMT+5:30,3rd,Single,Pulling of all nighters :),Yes,Brahmaputra,Man,Cricket,Food Court,Telangana,CSE,C++,Food Court,E cell,Yes,7.86
2022/08/19 10:23:53 pm GMT+5:30,3rd,Single,Studying on a regular basis,No,Brahmaputra,Man,Cricket,Others,Uttar Pradesh,EEE,C++,Hostel Mess,E cell,Maybe,6.88
2022/08/19 10:26:04 pm GMT+5:30,3rd,Single,Studying on a regular basis,Yes,Disang,Woman,Cricket,Serpentine Lake üòè,Maharashtra,CSE,C++,None,Octaves,Yes,7.23
2022/08/19 10:26:09 pm GMT+5:30,2nd,Single,Studying on a regular basis,Yes,Lohit,Man,Na,Serpentine Lake üòè,Uttar Pradesh,CSE,Java,None,Coding Club,No,100
2022/08/19 10:26:56 pm GMT+5:30,2nd,Single,Pulling of all nighters :),Yes,Lohit,Man,Swimming,IIT G lake (in front of library),Maharashtra,ECE,C++,Khoka,Coding Club,Yes,8.51
2022/08/19 10:29:09 pm GMT+5:30,2nd,In a relationship,Studying on a regular basis,Yes,Brahmaputra,Man,Football,New Sac,The Government of NCT of Delhi,CSE,C++,Rolls Mania/Tacos,Coding Club,Yes,9.86
2022/08/19 10:32:01 pm GMT+5:30,2nd,In a relationship,Pulling of all nighters :),No,Dhansiri,Woman,Table tennis,Serpentine Lake üòè,Haryana,CSE,C++,Food Court,Cadence,Yes,7.86
2022/08/19 10:32:42 pm GMT+5:30,2nd,Single,Studying on a regular basis,Yes,Siang,Man,cricket,Playgrounds,Bihar,CST,Java,Hostel Canteen,IITG Racing,No,8
2022/08/19 10:32:43 pm GMT+5:30,3rd,Single,Pulling of all nighters :),Yes,Disang,Man,Playing with my mental health,Others,,ECE,C++,Core Canteen,Coding Club,No,8.34
2022/08/19 10:34:45 pm GMT+5:30,4th,Single,Pulling of all nighters :),Yes,Lohit,Man,Football,Khoka,The Government of NCT of Delhi,MnC,,Khoka,Coding Club,Yes,8.91
2022/08/19 10:35:17 pm GMT+5:30,2nd,Single,Pulling of all nighters :),No,Disang,Man,Genshin Impact,Others,Gujarat,CST,C,Hostel Mess,Finance and Economics,Maybe,6.7
2022/08/19 10:35:28 pm GMT+5:30,3rd,It's complicated,Pulling of all nighters :),No,Brahmaputra,Man,,Serpentine Lake üòè,Bihar,ECE,C++,Food Court,Coding Club,Yes,8.53
2022/08/19 10:36:51 pm GMT+5:30,2nd,Single,Pulling of all nighters :),Yes,Kameng,Man,Badminton ,IIT G lake (in front of library),Assam,CST,C++,Others,Coding Club,Yes,7.43
2022/08/19 10:38:04 pm GMT+5:30,2nd,It's complicated,Studying on a regular basis,Yes,Disang,Man,Football,Others,Maharashtra,CST,C++,Others,Consulting and Analytics,Yes,7.12
2022/08/19 10:46:26 pm GMT+5:30,2nd,Single,Pulling of all nighters :),No,Dibang,Man,,New Sac,,,,,,Yes,8.38
2022/08/19 10:51:41 pm GMT+5:30,2nd,Single,Pulling of all nighters :),Yes,Kameng,Man,Badminton ,Food Court,Bihar,EEE,C++,Food Court,Coding Club,Maybe,8.4
2022/08/19 11:02:19 pm GMT+5:30,3rd,Single,Studying on a regular basis,No,Brahmaputra,Man,Swimming ,New Sac,Maharashtra,CST,Python,Rolls Mania/Tacos,Coding Club,Yes,8.8
2022/08/19 11:03:31 pm GMT+5:30,2nd,Single,Pulling of all nighters :),No,Manas,Man,Athletics,Playgrounds,Kerala,CE,,Rolls Mania/Tacos,Alcher,Yes,6.7
2022/08/19 11:07:21 pm GMT+5:30,4th,Single,Pulling of all nighters :),Yes,Barak,Man,Table tennis ,Hostel Canteen,The Government of NCT of Delhi,ME,C++,Rolls Mania/Tacos,Acumen(Quiz Club),Yes,8.43
2022/08/19 11:09:36 pm GMT+5:30,4th,It's complicated,Pulling of all nighters :),No,Kameng,Man,Sex,Serpentine Lake üòè,Bihar,ME,C++,Food Court,Coding Club,No,8.33
2022/08/19 11:13:21 pm GMT+5:30,4th,It's complicated,Studying on a regular basis,No,Disang,Woman,,Khoka,Maharashtra,ME,C++,Rolls Mania/Tacos,Cadence,Yes,8.1
2022/08/19 11:21:30 pm GMT+5:30,2nd,Single,Studying on a regular basis,Yes,Disang,Woman,Badminton,Old Sac,The Government of NCT of Delhi,CSE,C++,Food Court,Coding Club,No,9.7
2022/08/19 11:24:32 pm GMT+5:30,4th,It's complicated,Pulling of all nighters :),No,Dihing,Man,Squash,Khoka,Kerala,ME,Others,Khoka,Cadence,Yes,10
2022/08/19 11:27:07 pm GMT+5:30,4th,In a relationship,Pulling of all nighters :),No,Brahmaputra,Man,Swimming ,New Sac,Madhya Pradesh,ME,C++,Rolls Mania/Tacos,Coding Club,No,8.24
2022/08/19 11:29:22 pm GMT+5:30,4th,Single,Studying on a regular basis,Yes,Kapili,Man,Badminton,Khoka,Uttar Pradesh,ME,C++,Khoka,IITG Racing,Maybe,8.09
2022/08/19 11:29:28 pm GMT+5:30,4th,Single,Studying on a regular basis,No,Dihing,Man,Swimming ,New Sac,Odisha,ME,C++,Khoka,E cell,Yes,7.99
2022/08/19 11:34:43 pm GMT+5:30,3rd,It's complicated,Studying on a regular basis,No,Brahmaputra,Man,Badminton,Others,Gujarat,CL,Python,None,E cell,No,8.62
2022/08/19 11:45:28 pm GMT+5:30,2nd,Single,Pulling of all nighters :),No,Brahmaputra,Man,Badminton ,Others,Madhya Pradesh,Dsai,Python,None,iitg.ai,Yes,7.6
2022/08/19 11:46:35 pm GMT+5:30,2nd,It's complicated,Studying on a regular basis,No,Kameng,Man,Cricket,IIT G lake (in front of library),Odisha,EEE,C++,Khoka,Cadence,Yes,7.4
2022/08/19 11:53:26 pm GMT+5:30,4th,Single,Pulling of all nighters :),Yes,Barak,Man,Cricket,Others,Chhattisgarh,ME,C++,Hostel Canteen,Coding Club,Maybe,8.19
2022/08/20 12:04:39 am GMT+5:30,4th,Single,Studying on a regular basis,Yes,Barak,Man,,Hostel Canteen,Bihar,ME,C++,None,Coding Club,Maybe,8.3
2022/08/20 12:14:21 am GMT+5:30,3rd,Single,Pulling of all nighters :),Yes,Manas,Man,Cricket,Hostel Canteen,Madhya Pradesh,CSE,C++,Khoka,Game dev and E-sports,Yes,7.7
2022/08/20 12:30:20 am GMT+5:30,4th,In a relationship,Pulling of all nighters :),Yes,Disang,Woman,,IIT G lake (in front of library),Rajasthan,ME,C++,None,Coding Club,Yes,8.6
2022/08/20 2:14:30 am GMT+5:30,2nd,Single,Studying on a regular basis,Yes,Disang,Woman,Badminton ,Others,Haryana,CSE,C++,Food Court,Coding Club,Maybe,9.23
2022/08/20 7:12:00 am GMT+5:30,4th,Single,Studying on a regular basis,No,Manas,Man,Drone racing ,New Sac,Maharashtra,ME,Python,Others,Aeromodelling,Yes,8.66
2022/08/20 7:46:37 am GMT+5:30,4th,Single,Studying on a regular basis,Yes,Lohit,Man,Table tennis,New Sac,Maharashtra,MnC,Others,Food Court,Aeromodelling,Maybe,9.34
2022/08/20 9:30:23 am GMT+5:30,2nd,Single,Studying on a regular basis,Yes,Subansiri,Woman,Tennis ,Food Court,Maharashtra,CST,C++,Rolls Mania/Tacos,Coding Club,Yes,6.87
2022/08/20 10:44:36 am GMT+5:30,2nd,In a relationship,Studying on a regular basis,No,Disang,Woman,Badminton ,Hostel Canteen,Kerala,ECE,C++,Hostel Canteen,E cell,Maybe,8.4
2022/08/20 10:58:27 am GMT+5:30,2nd,Single,Studying on a regular basis,Yes,Lohit,Man,Badminton ,IIT G lake (in front of library),Uttar Pradesh,ECE,C++,Food Court,Coding Club,Yes,8.5
